-- Seed data for Plan — SaaS de Réservation par IA
-- Creates: 1 merchant, 2 practitioners, 5 services, 10 clients, 20 bookings

-- Note: in local dev, create a test user via Supabase Dashboard first
-- then replace the user_id below with the actual auth.users UUID

-- =============================================
-- Merchant
-- =============================================
INSERT INTO merchants (id, user_id, name, slug, email, phone, address, timezone, opening_hours, seat_count, ai_name, ai_tone, ai_languages, cancellation_delay_minutes)
VALUES (
  '11111111-1111-1111-1111-111111111111',
  '00000000-0000-0000-0000-000000000000', -- Replace with actual auth.users.id
  'Salon Démo',
  'salon-demo',
  'demo@plan-app.com',
  '+33612345678',
  '12 Rue de la Paix, 75002 Paris',
  'Europe/Paris',
  '{
    "monday": {"open": "09:00", "close": "19:00"},
    "tuesday": {"open": "09:00", "close": "19:00"},
    "wednesday": {"open": "09:00", "close": "19:00"},
    "thursday": {"open": "09:00", "close": "21:00"},
    "friday": {"open": "09:00", "close": "19:00"},
    "saturday": {"open": "09:00", "close": "17:00"},
    "sunday": null
  }',
  2,
  'AurA',
  'friendly',
  '{fr,en}',
  120
);

-- =============================================
-- Practitioners
-- =============================================
INSERT INTO practitioners (id, merchant_id, name, email, color, specialties, is_active, sort_order) VALUES
  ('22222222-2222-2222-2222-222222222201', '11111111-1111-1111-1111-111111111111', 'Marc Dupont', 'marc@salon-demo.com', '#3B82F6', '{coupe,barbe}', true, 1),
  ('22222222-2222-2222-2222-222222222202', '11111111-1111-1111-1111-111111111111', 'Sophie Martin', 'sophie@salon-demo.com', '#EC4899', '{coupe,coloration,brushing}', true, 2);

-- Marc: lundi-vendredi 9h-12h30, 14h-19h
INSERT INTO practitioner_availability (merchant_id, practitioner_id, day_of_week, start_time, end_time, is_available) VALUES
  ('11111111-1111-1111-1111-111111111111', '22222222-2222-2222-2222-222222222201', 0, '09:00', '12:30', true),
  ('11111111-1111-1111-1111-111111111111', '22222222-2222-2222-2222-222222222201', 0, '14:00', '19:00', true),
  ('11111111-1111-1111-1111-111111111111', '22222222-2222-2222-2222-222222222201', 1, '09:00', '12:30', true),
  ('11111111-1111-1111-1111-111111111111', '22222222-2222-2222-2222-222222222201', 1, '14:00', '19:00', true),
  ('11111111-1111-1111-1111-111111111111', '22222222-2222-2222-2222-222222222201', 2, '09:00', '12:30', true),
  ('11111111-1111-1111-1111-111111111111', '22222222-2222-2222-2222-222222222201', 2, '14:00', '19:00', true),
  ('11111111-1111-1111-1111-111111111111', '22222222-2222-2222-2222-222222222201', 3, '09:00', '12:30', true),
  ('11111111-1111-1111-1111-111111111111', '22222222-2222-2222-2222-222222222201', 3, '14:00', '21:00', true),
  ('11111111-1111-1111-1111-111111111111', '22222222-2222-2222-2222-222222222201', 4, '09:00', '12:30', true),
  ('11111111-1111-1111-1111-111111111111', '22222222-2222-2222-2222-222222222201', 4, '14:00', '19:00', true);

-- Sophie: lundi-samedi 9h-17h
INSERT INTO practitioner_availability (merchant_id, practitioner_id, day_of_week, start_time, end_time, is_available) VALUES
  ('11111111-1111-1111-1111-111111111111', '22222222-2222-2222-2222-222222222202', 0, '09:00', '17:00', true),
  ('11111111-1111-1111-1111-111111111111', '22222222-2222-2222-2222-222222222202', 1, '09:00', '17:00', true),
  ('11111111-1111-1111-1111-111111111111', '22222222-2222-2222-2222-222222222202', 2, '09:00', '17:00', true),
  ('11111111-1111-1111-1111-111111111111', '22222222-2222-2222-2222-222222222202', 3, '09:00', '17:00', true),
  ('11111111-1111-1111-1111-111111111111', '22222222-2222-2222-2222-222222222202', 4, '09:00', '17:00', true),
  ('11111111-1111-1111-1111-111111111111', '22222222-2222-2222-2222-222222222202', 5, '09:00', '17:00', true);

-- =============================================
-- Services
-- =============================================
INSERT INTO services (id, merchant_id, name, description, duration_minutes, price_cents, is_active, sort_order) VALUES
  ('33333333-3333-3333-3333-333333333301', '11111111-1111-1111-1111-111111111111', 'Coupe homme', 'Coupe classique homme', 30, 2500, true, 1),
  ('33333333-3333-3333-3333-333333333302', '11111111-1111-1111-1111-111111111111', 'Coupe femme', 'Coupe et coiffage femme', 45, 4000, true, 2),
  ('33333333-3333-3333-3333-333333333303', '11111111-1111-1111-1111-111111111111', 'Barbe', 'Taille et rasage barbe', 20, 1500, true, 3),
  ('33333333-3333-3333-3333-333333333304', '11111111-1111-1111-1111-111111111111', 'Coloration', 'Coloration complète', 90, 7500, true, 4),
  ('33333333-3333-3333-3333-333333333305', '11111111-1111-1111-1111-111111111111', 'Brushing', 'Brushing et mise en forme', 30, 2000, true, 5);

-- Practitioner-Service mapping
INSERT INTO practitioner_services (practitioner_id, service_id, merchant_id) VALUES
  ('22222222-2222-2222-2222-222222222201', '33333333-3333-3333-3333-333333333301', '11111111-1111-1111-1111-111111111111'),
  ('22222222-2222-2222-2222-222222222201', '33333333-3333-3333-3333-333333333303', '11111111-1111-1111-1111-111111111111'),
  ('22222222-2222-2222-2222-222222222202', '33333333-3333-3333-3333-333333333301', '11111111-1111-1111-1111-111111111111'),
  ('22222222-2222-2222-2222-222222222202', '33333333-3333-3333-3333-333333333302', '11111111-1111-1111-1111-111111111111'),
  ('22222222-2222-2222-2222-222222222202', '33333333-3333-3333-3333-333333333304', '11111111-1111-1111-1111-111111111111'),
  ('22222222-2222-2222-2222-222222222202', '33333333-3333-3333-3333-333333333305', '11111111-1111-1111-1111-111111111111');

-- =============================================
-- Clients
-- =============================================
INSERT INTO clients (id, merchant_id, name, phone, whatsapp_id, preferred_practitioner_id, preferred_service_id, loyalty_points, loyalty_tier) VALUES
  ('44444444-4444-4444-4444-444444444401', '11111111-1111-1111-1111-111111111111', 'Jean Petit', '+33611111111', 'wa_jean', '22222222-2222-2222-2222-222222222201', '33333333-3333-3333-3333-333333333301', 15, 'bronze'),
  ('44444444-4444-4444-4444-444444444402', '11111111-1111-1111-1111-111111111111', 'Marie Leroy', '+33622222222', 'wa_marie', '22222222-2222-2222-2222-222222222202', '33333333-3333-3333-3333-333333333302', 55, 'silver'),
  ('44444444-4444-4444-4444-444444444403', '11111111-1111-1111-1111-111111111111', 'Pierre Moreau', '+33633333333', NULL, '22222222-2222-2222-2222-222222222201', '33333333-3333-3333-3333-333333333303', 5, 'bronze'),
  ('44444444-4444-4444-4444-444444444404', '11111111-1111-1111-1111-111111111111', 'Camille Roux', '+33644444444', 'wa_camille', '22222222-2222-2222-2222-222222222202', '33333333-3333-3333-3333-333333333304', 110, 'gold'),
  ('44444444-4444-4444-4444-444444444405', '11111111-1111-1111-1111-111111111111', 'Lucas Bernard', '+33655555555', NULL, NULL, NULL, 0, 'bronze'),
  ('44444444-4444-4444-4444-444444444406', '11111111-1111-1111-1111-111111111111', 'Emma Dubois', '+33666666666', 'wa_emma', '22222222-2222-2222-2222-222222222202', '33333333-3333-3333-3333-333333333305', 30, 'bronze'),
  ('44444444-4444-4444-4444-444444444407', '11111111-1111-1111-1111-111111111111', 'Hugo Thomas', '+33677777777', NULL, '22222222-2222-2222-2222-222222222201', '33333333-3333-3333-3333-333333333301', 8, 'bronze'),
  ('44444444-4444-4444-4444-444444444408', '11111111-1111-1111-1111-111111111111', 'Léa Richard', '+33688888888', 'wa_lea', NULL, NULL, 45, 'bronze'),
  ('44444444-4444-4444-4444-444444444409', '11111111-1111-1111-1111-111111111111', 'Nathan Garcia', '+33699999999', NULL, '22222222-2222-2222-2222-222222222201', '33333333-3333-3333-3333-333333333303', 2, 'bronze'),
  ('44444444-4444-4444-4444-444444444410', '11111111-1111-1111-1111-111111111111', 'Chloé Martinez', '+33610101010', 'wa_chloe', '22222222-2222-2222-2222-222222222202', '33333333-3333-3333-3333-333333333302', 70, 'silver');

-- =============================================
-- Bookings (20 bookings: mix of statuses)
-- =============================================
-- Using relative dates from now for realistic test data

INSERT INTO bookings (id, merchant_id, client_id, practitioner_id, service_id, starts_at, ends_at, status, source_channel, version) VALUES
  -- Today's bookings
  ('55555555-5555-5555-5555-555555555501', '11111111-1111-1111-1111-111111111111', '44444444-4444-4444-4444-444444444401', '22222222-2222-2222-2222-222222222201', '33333333-3333-3333-3333-333333333301', NOW()::date + '09:00'::time, NOW()::date + '09:30'::time, 'confirmed', 'whatsapp', 1),
  ('55555555-5555-5555-5555-555555555502', '11111111-1111-1111-1111-111111111111', '44444444-4444-4444-4444-444444444402', '22222222-2222-2222-2222-222222222202', '33333333-3333-3333-3333-333333333302', NOW()::date + '09:00'::time, NOW()::date + '09:45'::time, 'confirmed', 'whatsapp', 1),
  ('55555555-5555-5555-5555-555555555503', '11111111-1111-1111-1111-111111111111', '44444444-4444-4444-4444-444444444403', '22222222-2222-2222-2222-222222222201', '33333333-3333-3333-3333-333333333303', NOW()::date + '10:00'::time, NOW()::date + '10:20'::time, 'pending', 'sms', 1),
  ('55555555-5555-5555-5555-555555555504', '11111111-1111-1111-1111-111111111111', '44444444-4444-4444-4444-444444444404', '22222222-2222-2222-2222-222222222202', '33333333-3333-3333-3333-333333333304', NOW()::date + '10:00'::time, NOW()::date + '11:30'::time, 'confirmed', 'messenger', 1),
  ('55555555-5555-5555-5555-555555555505', '11111111-1111-1111-1111-111111111111', '44444444-4444-4444-4444-444444444405', '22222222-2222-2222-2222-222222222201', '33333333-3333-3333-3333-333333333301', NOW()::date + '11:00'::time, NOW()::date + '11:30'::time, 'confirmed', 'dashboard', 1),
  -- Tomorrow
  ('55555555-5555-5555-5555-555555555506', '11111111-1111-1111-1111-111111111111', '44444444-4444-4444-4444-444444444406', '22222222-2222-2222-2222-222222222202', '33333333-3333-3333-3333-333333333305', (NOW() + interval '1 day')::date + '09:00'::time, (NOW() + interval '1 day')::date + '09:30'::time, 'confirmed', 'whatsapp', 1),
  ('55555555-5555-5555-5555-555555555507', '11111111-1111-1111-1111-111111111111', '44444444-4444-4444-4444-444444444407', '22222222-2222-2222-2222-222222222201', '33333333-3333-3333-3333-333333333301', (NOW() + interval '1 day')::date + '10:00'::time, (NOW() + interval '1 day')::date + '10:30'::time, 'pending', 'telegram', 1),
  ('55555555-5555-5555-5555-555555555508', '11111111-1111-1111-1111-111111111111', '44444444-4444-4444-4444-444444444408', '22222222-2222-2222-2222-222222222202', '33333333-3333-3333-3333-333333333302', (NOW() + interval '1 day')::date + '14:00'::time, (NOW() + interval '1 day')::date + '14:45'::time, 'confirmed', 'booking_page', 1),
  -- Past (completed)
  ('55555555-5555-5555-5555-555555555509', '11111111-1111-1111-1111-111111111111', '44444444-4444-4444-4444-444444444401', '22222222-2222-2222-2222-222222222201', '33333333-3333-3333-3333-333333333301', (NOW() - interval '1 day')::date + '09:00'::time, (NOW() - interval '1 day')::date + '09:30'::time, 'completed', 'whatsapp', 2),
  ('55555555-5555-5555-5555-555555555510', '11111111-1111-1111-1111-111111111111', '44444444-4444-4444-4444-444444444402', '22222222-2222-2222-2222-222222222202', '33333333-3333-3333-3333-333333333302', (NOW() - interval '1 day')::date + '10:00'::time, (NOW() - interval '1 day')::date + '10:45'::time, 'completed', 'whatsapp', 2),
  ('55555555-5555-5555-5555-555555555511', '11111111-1111-1111-1111-111111111111', '44444444-4444-4444-4444-444444444404', '22222222-2222-2222-2222-222222222202', '33333333-3333-3333-3333-333333333304', (NOW() - interval '2 days')::date + '14:00'::time, (NOW() - interval '2 days')::date + '15:30'::time, 'completed', 'messenger', 2),
  ('55555555-5555-5555-5555-555555555512', '11111111-1111-1111-1111-111111111111', '44444444-4444-4444-4444-444444444406', '22222222-2222-2222-2222-222222222202', '33333333-3333-3333-3333-333333333305', (NOW() - interval '2 days')::date + '11:00'::time, (NOW() - interval '2 days')::date + '11:30'::time, 'completed', 'whatsapp', 2),
  ('55555555-5555-5555-5555-555555555513', '11111111-1111-1111-1111-111111111111', '44444444-4444-4444-4444-444444444409', '22222222-2222-2222-2222-222222222201', '33333333-3333-3333-3333-333333333303', (NOW() - interval '3 days')::date + '15:00'::time, (NOW() - interval '3 days')::date + '15:20'::time, 'completed', 'sms', 2),
  ('55555555-5555-5555-5555-555555555514', '11111111-1111-1111-1111-111111111111', '44444444-4444-4444-4444-444444444410', '22222222-2222-2222-2222-222222222202', '33333333-3333-3333-3333-333333333302', (NOW() - interval '3 days')::date + '09:00'::time, (NOW() - interval '3 days')::date + '09:45'::time, 'completed', 'whatsapp', 2),
  ('55555555-5555-5555-5555-555555555515', '11111111-1111-1111-1111-111111111111', '44444444-4444-4444-4444-444444444407', '22222222-2222-2222-2222-222222222201', '33333333-3333-3333-3333-333333333301', (NOW() - interval '4 days')::date + '10:00'::time, (NOW() - interval '4 days')::date + '10:30'::time, 'completed', 'dashboard', 2),
  -- Cancelled
  ('55555555-5555-5555-5555-555555555516', '11111111-1111-1111-1111-111111111111', '44444444-4444-4444-4444-444444444403', '22222222-2222-2222-2222-222222222201', '33333333-3333-3333-3333-333333333303', (NOW() - interval '1 day')::date + '14:00'::time, (NOW() - interval '1 day')::date + '14:20'::time, 'cancelled', 'sms', 1),
  ('55555555-5555-5555-5555-555555555517', '11111111-1111-1111-1111-111111111111', '44444444-4444-4444-4444-444444444408', '22222222-2222-2222-2222-222222222202', '33333333-3333-3333-3333-333333333302', (NOW() + interval '2 days')::date + '11:00'::time, (NOW() + interval '2 days')::date + '11:45'::time, 'cancelled', 'whatsapp', 1),
  -- No-show
  ('55555555-5555-5555-5555-555555555518', '11111111-1111-1111-1111-111111111111', '44444444-4444-4444-4444-444444444405', '22222222-2222-2222-2222-222222222201', '33333333-3333-3333-3333-333333333301', (NOW() - interval '5 days')::date + '16:00'::time, (NOW() - interval '5 days')::date + '16:30'::time, 'no_show', 'dashboard', 2),
  -- Future bookings
  ('55555555-5555-5555-5555-555555555519', '11111111-1111-1111-1111-111111111111', '44444444-4444-4444-4444-444444444410', '22222222-2222-2222-2222-222222222202', '33333333-3333-3333-3333-333333333304', (NOW() + interval '3 days')::date + '10:00'::time, (NOW() + interval '3 days')::date + '11:30'::time, 'confirmed', 'whatsapp', 1),
  ('55555555-5555-5555-5555-555555555520', '11111111-1111-1111-1111-111111111111', '44444444-4444-4444-4444-444444444401', '22222222-2222-2222-2222-222222222201', '33333333-3333-3333-3333-333333333301', (NOW() + interval '5 days')::date + '09:00'::time, (NOW() + interval '5 days')::date + '09:30'::time, 'pending', 'whatsapp', 1);
